Name,RAG Status
Daniel Cook,Green
Rebecca Dalton,Red
Michael Petersen,Green
Steven Weiss,Amber
Tommy Rose,Green
Julie Wiley,Green
Phillip Brooks,Red
Haley Newton,Amber
Kimberly Meadows,Amber
Fernando Davis,Amber
Bradley Thompson,Red
Nathan Hanson,Green
Heather Bradley,Green
Devin Day,Red
Julie Strickland,Green
Samantha Frank,Green
Keith Lopez,Green
David Massey,Red
Lori Price,Green
Michael Cisneros,Green
Leon Hernandez,Amber
Sheila Chavez,Green
Cory White,Red
Justin Wood,Red
Sarah Reed,Amber
Gregory Wilson,Green
Matthew Galvan,Green
Robert Alexander,Red
Jessica Harrison,Green
Ryan Alvarez,Green
Sharon Williams,Green
Jason Thompson,Green
Jesus Garrison,Green
Linda Thompson,Green
Richard Horne,Red
Richard Singh,Green
Ricky Miller,Red
Andrea Barber,Green
Regina Guzman,Green
Tonya Johnson,Green
